{
  "showTags": true,
  "selectedImage": "https://images.unsplash.com/photo-1561518776-e76a5e48f731?ixlib=rb-1.2.1&ixid=eyJhcHBfaWQiOjEyMDd9&auto=format&fit=crop&w=750&q=80",
  "selectedTool": "create-polygon",
  "mode": null,
  "taskDescription": "Annotate each image according to this _markdown_ specification.",
  "images": [
    {
      "src": "https://images.unsplash.com/photo-1561518776-e76a5e48f731?ixlib=rb-1.2.1&ixid=eyJhcHBfaWQiOjEyMDd9&auto=format&fit=crop&w=750&q=80",
      "name": "car-image-1",
      "pixelSize": {
        "w": 750,
        "h": 500
      },
      "regions": [
        {
          "type": "polygon",
          "points": [
            [
              0.6058916937573616,
              0.7941784876325089
            ],
            [
              0.6151302736842106,
              0.7826265824561405
            ],
            [
              0.6356725520467837,
              0.7697493333333335
            ],
            [
              0.6506960093567252,
              0.7679097263157896
            ],
            [
              0.6641864608187136,
              0.7697493333333335
            ],
            [
              0.6715448888888891,
              0.7766478596491229
            ],
            [
              0.6779835134502925,
              0.7872256000000001
            ],
            [
              0.6789033169590644,
              0.8001028491228072
            ],
            [
              0.6767571087719298,
              0.8065414736842107
            ],
            [
              0.6598940444444445,
              0.815279607017544
            ],
            [
              0.6249415111111112,
              0.8313761684210528
            ],
            [
              0.6166632795321638,
              0.829536561403509
            ],
            [
              0.6065454409356725,
              0.8175791157894738
            ],
            [
              0.6037860304093567,
              0.8042419649122808
            ]
          ],
          "open": false,
          "highlighted": false,
          "color": "hsl(34,100%,50%)",
          "id": "1661180229071304",
          "editingLabels": false,
          "cls": "car"
        },
        {
          "type": "polygon",
          "points": [
            [
              0.6295809470286747,
              0.7048818700704789
            ],
            [
              0.6302319736503842,
              0.6956047407111188
            ],
            [
              0.634138133380641,
              0.6858393413854766
            ],
            [
              0.6423844705889611,
              0.6763994553706894
            ],
            [
              0.6567070562665694,
              0.6695636758427398
            ],
            [
              0.6632173224836642,
              0.6679361092884663
            ],
            [
              0.66842553545734,
              0.6715167557078683
            ],
            [
              0.6734167395571126,
              0.6682616225993209
            ],
            [
              0.6801440146481106,
              0.6689126492210303
            ],
            [
              0.6870882986130117,
              0.6734698355729967
            ],
            [
              0.6929475382083968,
              0.6825842082769293
            ],
            [
              0.6933815559562031,
              0.6975578205762473
            ],
            [
              0.6912114672171716,
              0.7050446267259062
            ],
            [
              0.6853522276217864,
              0.7076487332127441
            ],
            [
              0.6747187928005316,
              0.711554892943001
            ],
            [
              0.6571410740143758,
              0.7209947789577883
            ],
            [
              0.6525838876624094,
              0.7262029919314641
            ],
            [
              0.6469416569409274,
              0.7258774786206094
            ],
            [
              0.6386953197326073,
              0.7249009386880452
            ],
            [
              0.6317510357677063,
              0.7125314328755651
            ]
          ],
          "open": false,
          "highlighted": false,
          "color": "hsl(321,100%,50%)",
          "id": "4474922102172225",
          "editingLabels": false,
          "cls": "car"
        },
        {
          "type": "polygon",
          "points": [
            [
              0.7152780198633983,
              0.6146043743898825
            ],
            [
              0.7150441017347434,
              0.6061833217583036
            ],
            [
              0.7172663239569657,
              0.5944289357933913
            ],
            [
              0.7212429321441001,
              0.5861833217583036
            ],
            [
              0.737617201149948,
              0.576534198951286
            ],
            [
              0.7469739262961469,
              0.5730254270214615
            ],
            [
              0.7536405929628136,
              0.5770605147407597
            ],
            [
              0.7600733415008253,
              0.5747798129863737
            ],
            [
              0.7663891309745094,
              0.5754815673723386
            ],
            [
              0.7724710023195388,
              0.5786394621091807
            ],
            [
              0.7797224643078428,
              0.5923236726354966
            ],
            [
              0.7791376689862053,
              0.603376304214444
            ],
            [
              0.7770324058283107,
              0.610393848074093
            ],
            [
              0.7730557976411762,
              0.6147798129863737
            ],
            [
              0.7662721719101819,
              0.6142534971969
            ],
            [
              0.7446347450095971,
              0.626534198951286
            ],
            [
              0.7386698327288954,
              0.6314464796530405
            ],
            [
              0.7311844526119363,
              0.632674549828479
            ],
            [
              0.7203072596294803,
              0.621972795442514
            ]
          ],
          "open": false,
          "highlighted": false,
          "color": "hsl(59,100%,50%)",
          "id": "04553417273638716",
          "editingLabels": false,
          "cls": "car"
        },
        {
          "type": "polygon",
          "points": [
            [
              0.8123042893634348,
              0.6373613023223629
            ],
            [
              0.8610550377537107,
              0.6158335185705821
            ],
            [
              0.8669780258758938,
              0.621300892221828
            ],
            [
              0.8785961948847913,
              0.6209591813686252
            ],
            [
              0.890669978364626,
              0.6336024829371313
            ],
            [
              0.8947705086030604,
              0.6455623627992317
            ],
            [
              0.8945427013675917,
              0.6558136883953177
            ],
            [
              0.8893031349518145,
              0.660255929486955
            ],
            [
              0.8881640987744717,
              0.6677735682574181
            ],
            [
              0.8822411106522886,
              0.6715323876426497
            ],
            [
              0.8400967720906014,
              0.6930601713944304
            ],
            [
              0.8314400971427954,
              0.6937435931008361
            ],
            [
              0.8216443860176464,
              0.6896430628624017
            ],
            [
              0.8052422650639088,
              0.6684569899638239
            ],
            [
              0.8079759518895319,
              0.660255929486955
            ],
            [
              0.8086593735959375,
              0.6469292062120432
            ]
          ],
          "open": false,
          "highlighted": false,
          "color": "hsl(358,100%,50%)",
          "id": "5437518945418935",
          "editingLabels": false,
          "cls": "truck"
        },
        {
          "type": "polygon",
          "points": [
            [
              0.9311809005044479,
              0.995819568253218
            ],
            [
              0.9527748829153451,
              0.9842830571021908
            ],
            [
              0.9495209951547989,
              0.965203442506261
            ],
            [
              0.9382802919820031,
              0.943461556106248
            ],
            [
              0.9376886760255402,
              0.9372495885633872
            ],
            [
              0.9356180201779198,
              0.9381370124980817
            ],
            [
              0.9264479728527444,
              0.9217196697062351
            ],
            [
              0.9033749505506898,
              0.8915472559266254
            ],
            [
              0.8853306638785702,
              0.8999777833062221
            ],
            [
              0.8817809681397926,
              0.9092957346205135
            ],
            [
              0.8808935442050982,
              0.9270442133144016
            ],
            [
              0.8829642000527185,
              0.9363621646286929
            ],
            [
              0.8823725840962556,
              0.9439052680735952
            ],
            [
              0.8868097037697276,
              0.9589914749634002
            ],
            [
              0.9119533819194025,
              0.9949321443185236
            ],
            [
              0.9190527733969577,
              1.002031535796079
            ],
            [
              0.9302934765697535,
              0.9998129759593429
            ]
          ],
          "open": false,
          "highlighted": true,
          "color": "hsl(171,100%,50%)",
          "id": "5528138277167858",
          "editingLabels": false,
          "cls": "truck"
        },
        {
          "type": "polygon",
          "points": [
            [
              0.5104895314649517,
              0.7009973751323714
            ],
            [
              0.5189105840965306,
              0.6915236909218451
            ],
            [
              0.5282673092427294,
              0.6824008839043011
            ],
            [
              0.54312111041232,
              0.6748570242551785
            ],
            [
              0.5504895314649516,
              0.6743307084657048
            ],
            [
              0.5564544437456534,
              0.6750324628516696
            ],
            [
              0.5644076601199224,
              0.6739798312727223
            ],
            [
              0.5718930402368815,
              0.6736289540797398
            ],
            [
              0.579729297546823,
              0.6806464979393888
            ],
            [
              0.58405678292694,
              0.6885412347814941
            ],
            [
              0.5833550285409751,
              0.6983657961850029
            ],
            [
              0.5814836835117353,
              0.7055587786411434
            ],
            [
              0.5343491805877586,
              0.7287166733779854
            ],
            [
              0.5205480109971155,
              0.7327517610972837
            ],
            [
              0.5101386542719691,
              0.7183657961850028
            ],
            [
              0.5095538589503318,
              0.7048570242551784
            ]
          ],
          "open": false,
          "highlighted": false,
          "color": "hsl(250,100%,50%)",
          "id": "19283319129614807",
          "editingLabels": false,
          "cls": "car"
        },
        {
          "type": "polygon",
          "points": [
            [
              0.3621793823685145,
              0.8689911917242833
            ],
            [
              0.39499482705581823,
              0.851345150713186
            ],
            [
              0.40273431872735216,
              0.8534348134645001
            ],
            [
              0.4115573392329008,
              0.8529704439642081
            ],
            [
              0.4203803597384495,
              0.8508807812128939
            ],
            [
              0.4284294310768447,
              0.8578463237172744
            ],
            [
              0.4343114447472105,
              0.8717774087260355
            ],
            [
              0.43322791591319576,
              0.8910487429881548
            ],
            [
              0.42657195307567664,
              0.8996395787435575
            ],
            [
              0.4044370068950896,
              0.9075338602485221
            ],
            [
              0.3785871047121664,
              0.9216971300074291
            ],
            [
              0.36465601970340533,
              0.9172856197546547
            ],
            [
              0.3533563618629659,
              0.8989430244931196
            ],
            [
              0.3550590500307033,
              0.8792073207307081
            ]
          ],
          "open": false,
          "highlighted": false,
          "color": "hsl(292,100%,50%)",
          "id": "15558896659352772",
          "editingLabels": false,
          "cls": "car"
        }
      ]
    }
  ],
  "labelImages": false,
  "regionClsList": [
    "car",
    "truck"
  ],
  "regionTagList": [],
  "imageClsList": [],
  "imageTagList": [],
  "enabledTools": [
    "select",
    "create-polygon"
  ]
}
